{"cameraMode":{"drawMode":0,"name":"Shaded","section":"Shading Mode"},"sceneLighting":false,"audioPlay":false,"sceneViewState":{"showFog":true,"showMaterialUpdate":false,"showSkybox":false,"showFlares":true,"showImageEffects":true,"showParticleSystems":true},"in2DMode":false,"pivot":{"x":0.13284045457839967,"y":0.978008508682251,"z":-0.5072939991950989},"rotation":{"x":0.0820457935333252,"y":0.9165915846824646,"z":-0.3020220100879669,"w":0.248905211687088},"size":1.0633935928344727,"orthographic":false}