{"cameraMode":{"drawMode":0,"name":"Shaded","section":"Shading Mode"},"sceneLighting":false,"audioPlay":false,"sceneViewState":{"showFog":true,"showMaterialUpdate":false,"showSkybox":false,"showFlares":true,"showImageEffects":true,"showParticleSystems":true},"in2DMode":false,"pivot":{"x":-0.0000013373792171478272,"y":1.5167148113250733,"z":0.05295867845416069},"rotation":{"x":0.021542763337492944,"y":0.9605745077133179,"z":-0.2661643326282501,"w":0.07765171676874161},"size":0.13700078427791596,"orthographic":false}