{"cameraMode":{"drawMode":0,"name":"Shaded","section":"Shading Mode"},"sceneLighting":false,"audioPlay":false,"sceneViewState":{"showFog":true,"showMaterialUpdate":false,"showSkybox":false,"showFlares":true,"showImageEffects":true,"showParticleSystems":true},"in2DMode":false,"pivot":{"x":0.0,"y":0.807225227355957,"z":0.06923623383045197},"rotation":{"x":0.020813364535570146,"y":0.9623876214027405,"z":-0.07696130126714707,"w":0.25979846715927126},"size":1.0313069820404053,"orthographic":false}