{"cameraMode":{"drawMode":0,"name":"Shaded","section":"Shading Mode"},"sceneLighting":true,"audioPlay":false,"sceneViewState":{"showFog":true,"showMaterialUpdate":false,"showSkybox":true,"showFlares":true,"showImageEffects":true,"showParticleSystems":true},"in2DMode":false,"pivot":{"x":-4.442768573760986,"y":1.8517688512802125,"z":4.083138942718506},"rotation":{"x":0.24113598465919496,"y":0.6525753140449524,"z":-0.23150189220905305,"w":0.6801156401634216},"size":2.263558864593506,"orthographic":false}