{"cameraMode":{"drawMode":0,"name":"Shaded","section":"Shading Mode"},"sceneLighting":false,"audioPlay":false,"sceneViewState":{"showFog":true,"showMaterialUpdate":false,"showSkybox":false,"showFlares":true,"showImageEffects":true,"showParticleSystems":true},"in2DMode":false,"pivot":{"x":0.1959644854068756,"y":0.6509938836097717,"z":-0.5422952175140381},"rotation":{"x":0.0345536544919014,"y":0.9464159607887268,"z":-0.30243873596191409,"w":0.10803627967834473},"size":0.7613818049430847,"orthographic":false}