{"cameraMode":{"drawMode":0,"name":"Shaded","section":"Shading Mode"},"sceneLighting":false,"audioPlay":false,"sceneViewState":{"showFog":true,"showMaterialUpdate":false,"showSkybox":false,"showFlares":true,"showImageEffects":true,"showParticleSystems":true},"in2DMode":false,"pivot":{"x":1.1920928955078126e-7,"y":0.7984033823013306,"z":0.11355012655258179},"rotation":{"x":0.24680884182453156,"y":0.5881232619285584,"z":-0.19475041329860688,"w":0.7451921105384827},"size":1.0565712451934815,"orthographic":false}