{"cameraMode":{"drawMode":0,"name":"Shaded","section":"Shading Mode"},"sceneLighting":false,"audioPlay":false,"sceneViewState":{"showFog":true,"showMaterialUpdate":false,"showSkybox":false,"showFlares":true,"showImageEffects":true,"showParticleSystems":true},"in2DMode":false,"pivot":{"x":0.4685194790363312,"y":0.440083771944046,"z":-1.2701042890548707},"rotation":{"x":0.40705710649490359,"y":0.5226179957389832,"z":-0.31241583824157717,"w":0.6808962225914002},"size":2.3479223251342775,"orthographic":false}