{"cameraMode":{"drawMode":0,"name":"Shaded","section":"Shading Mode"},"sceneLighting":false,"audioPlay":false,"sceneViewState":{"showFog":true,"showMaterialUpdate":false,"showSkybox":false,"showFlares":true,"showImageEffects":true,"showParticleSystems":true},"in2DMode":false,"pivot":{"x":5.960464477539063e-8,"y":0.8043667078018189,"z":0.034577302634716037},"rotation":{"x":0.19456271827220918,"y":0.6843217611312866,"z":-0.19736039638519288,"w":0.6744906306266785},"size":1.038239598274231,"orthographic":false}